Project Name,Package Name,Type Name,Method Name,LOC,CC,PC,Line no,IsTest,Main prod class tested,Production classes tested
Varsim,com.bina.intervalTree,Interval1D,getLeft,0,1,0,7,0,,
Varsim,com.bina.intervalTree,Interval1D,getRight,0,1,0,9,0,,
Varsim,com.bina.intervalTree,Interval1D,intersects,0,1,1,11,0,,
Varsim,com.bina.intervalTree,Interval1D,intersects,0,1,2,13,0,,
Varsim,com.bina.intervalTree,Interval1D,intersects,0,1,3,15,0,,
Varsim,com.bina.intervalTree,Interval1D,contains,0,1,1,17,0,,
Varsim,com.bina.intervalTree,Interval1D,union,0,1,1,19,0,,
Varsim,com.bina.intervalTree,Interval1D,length,0,1,0,21,0,,
Varsim,com.bina.intervalTree,Interval1D,getCenter,0,1,0,23,0,,
Varsim,com.bina.intervalTree,IntervalTree,IntervalTree,2,1,0,21,0,,
Varsim,com.bina.intervalTree,IntervalTree,IntervalTree,5,2,1,24,0,com.bina.intervalTree.IntervalTree,com.bina.intervalTree.IntervalTree
Varsim,com.bina.intervalTree,IntervalTree,IntervalTree,3,1,1,35,0,com.bina.intervalTree.IntervalTree,com.bina.intervalTree.IntervalTree
Varsim,com.bina.intervalTree,IntervalTree,main,78,1,1,44,0,,
Varsim,com.bina.intervalTree,IntervalTree,add,9,2,1,161,0,com.bina.intervalTree.IntervalTree,com.bina.intervalTree.IntervalTree
Varsim,com.bina.intervalTree,IntervalTree,add,74,18,3,177,0,com.bina.intervalTree.IntervalTree,com.bina.intervalTree.IntervalTree
Varsim,com.bina.intervalTree,IntervalTree,getOverlaps,3,1,1,268,0,com.bina.intervalTree.IntervalTree,com.bina.intervalTree.IntervalTree
Varsim,com.bina.intervalTree,IntervalTree,getOverlaps,3,1,2,272,0,com.bina.intervalTree.IntervalTree,com.bina.intervalTree.IntervalTree
Varsim,com.bina.intervalTree,IntervalTree,getOverlaps,3,1,3,276,0,com.bina.intervalTree.IntervalTree,com.bina.intervalTree.IntervalTree
Varsim,com.bina.intervalTree,IntervalTree,getOverlaps,18,4,4,288,0,com.bina.intervalTree.IntervalTree,com.bina.intervalTree.IntervalTree
Varsim,com.bina.intervalTree,IntervalTree,contains,3,1,1,311,0,com.bina.intervalTree.IntervalTree,com.bina.intervalTree.IntervalTree
Varsim,com.bina.intervalTree,IntervalTree,contains,3,1,2,315,0,com.bina.intervalTree.IntervalTree,com.bina.intervalTree.IntervalTree
Varsim,com.bina.intervalTree,IntervalTree,contains,3,1,3,319,0,com.bina.intervalTree.IntervalTree,com.bina.intervalTree.IntervalTree
Varsim,com.bina.intervalTree,IntervalTree,contains,28,9,4,329,0,com.bina.intervalTree.IntervalTree,com.bina.intervalTree.IntervalTree
Varsim,com.bina.intervalTree,IntervalTree,rotateRight,4,1,0,362,0,com.bina.intervalTree.IntervalTree,com.bina.intervalTree.IntervalTree
Varsim,com.bina.intervalTree,IntervalTree,bubbleChildrenUp,10,4,2,372,0,,
Varsim,com.bina.intervalTree,IntervalTree,rotateRight,38,6,1,389,0,com.bina.intervalTree.IntervalTree,com.bina.intervalTree.IntervalTree
Varsim,com.bina.intervalTree,IntervalTree,rotateLeft,4,1,0,442,0,com.bina.intervalTree.IntervalTree,com.bina.intervalTree.IntervalTree
Varsim,com.bina.intervalTree,IntervalTree,rotateLeft,38,6,1,452,0,com.bina.intervalTree.IntervalTree,com.bina.intervalTree.IntervalTree
Varsim,com.bina.intervalTree,IntervalTree,maxDepth,3,1,0,508,0,com.bina.intervalTree.IntervalTree,com.bina.intervalTree.IntervalTree
Varsim,com.bina.intervalTree,IntervalTree,maxDepth,6,2,1,512,0,com.bina.intervalTree.IntervalTree,com.bina.intervalTree.IntervalTree
Varsim,com.bina.intervalTree,IntervalTree,size,3,1,0,520,0,,
Varsim,com.bina.intervalTree,IntervalTree,printTree,3,1,0,524,0,com.bina.intervalTree.IntervalTree,com.bina.intervalTree.IntervalTree
Varsim,com.bina.intervalTree,IntervalTree,printTree,9,2,2,531,0,com.bina.intervalTree.IntervalTree,com.bina.intervalTree.IntervalTree
Varsim,com.bina.intervalTree,IntervalTree,testGetOverlap,4,1,1,547,0,com.bina.intervalTree.IntervalTree,com.bina.intervalTree.IntervalTree
Varsim,com.bina.intervalTree,IntervalTree,testContains,3,1,1,552,0,com.bina.intervalTree.IntervalTree,com.bina.intervalTree.IntervalTree
Varsim,com.bina.intervalTree,IntervalTreeNode,IntervalTreeNode,3,1,1,20,0,,
Varsim,com.bina.intervalTree,IntervalTreeNode,IntervalTreeNode,4,1,1,24,0,,
Varsim,com.bina.intervalTree,IntervalTreeNode,IntervalTreeNode,8,2,4,34,0,,
Varsim,com.bina.intervalTree,IntervalTreeNode,IntervalTreeNode,8,2,1,44,0,,
Varsim,com.bina.intervalTree,IntervalTreeNode,getBalanceFactor,3,1,0,53,0,,
Varsim,com.bina.intervalTree,IntervalTreeNode,setBalanceFactor,3,1,1,60,0,,
Varsim,com.bina.intervalTree,IntervalTreeNode,incBalanceFactor,3,1,0,64,0,,
Varsim,com.bina.intervalTree,IntervalTreeNode,addBalanceFactor,3,1,1,71,0,,
Varsim,com.bina.intervalTree,IntervalTreeNode,decBalanceFactor,3,1,0,75,0,,
Varsim,com.bina.intervalTree,IntervalTreeNode,getCenter,3,1,0,83,0,,
Varsim,com.bina.intervalTree,IntervalTreeNode,setCenter,3,1,1,87,0,,
Varsim,com.bina.intervalTree,IntervalTreeNode,addKey,7,2,1,91,0,com.bina.intervalTree.IntervalTreeNode,com.bina.intervalTree.IntervalTreeNode
Varsim,com.bina.intervalTree,IntervalTreeNode,checkKey,11,3,1,103,0,com.bina.intervalTree.IntervalTreeNode,com.bina.intervalTree.IntervalTreeNode
Varsim,com.bina.intervalTree,IntervalTreeNode,overlapCenter,3,1,1,119,0,,
Varsim,com.bina.intervalTree,IntervalTreeNode,getOverlaps,3,1,1,123,0,com.bina.intervalTree.IntervalTreeNode,com.bina.intervalTree.IntervalTreeNode
Varsim,com.bina.intervalTree,IntervalTreeNode,contains,3,1,1,135,0,com.bina.intervalTree.IntervalTreeNode,com.bina.intervalTree.IntervalTreeNode
Varsim,com.bina.intervalTree,IntervalTreeNode,getOverlaps,3,1,2,143,0,com.bina.intervalTree.IntervalTreeNode,com.bina.intervalTree.IntervalTreeNode
Varsim,com.bina.intervalTree,IntervalTreeNode,contains,3,1,2,152,0,com.bina.intervalTree.IntervalTreeNode,com.bina.intervalTree.IntervalTreeNode
Varsim,com.bina.intervalTree,IntervalTreeNode,getOverlaps,9,3,3,161,0,,
Varsim,com.bina.intervalTree,IntervalTreeNode,contains,8,3,3,179,0,,
Varsim,com.bina.intervalTree,IntervalTreeNode,getLeft,3,1,0,194,0,,
Varsim,com.bina.intervalTree,IntervalTreeNode,setLeft,3,1,1,198,0,,
Varsim,com.bina.intervalTree,IntervalTreeNode,getRight,3,1,0,202,0,,
Varsim,com.bina.intervalTree,IntervalTreeNode,setRight,3,1,1,206,0,,
Varsim,com.bina.intervalTree,IntervalTreeNode,setChild,11,3,2,210,0,com.bina.intervalTree.IntervalTreeNode,com.bina.intervalTree.IntervalTreeNode
Varsim,com.bina.intervalTree,IntervalTreeNode,toString,12,2,0,224,0,,
Varsim,com.bina.intervalTree,SimpleInterval1D,SimpleInterval1D,9,2,2,17,0,,
Varsim,com.bina.intervalTree,SimpleInterval1D,SimpleInterval1D,7,2,1,32,0,,
Varsim,com.bina.intervalTree,SimpleInterval1D,SimpleInterval1D,13,2,1,40,0,,
Varsim,com.bina.intervalTree,SimpleInterval1D,SimpleInterval1D,6,1,3,58,0,,
Varsim,com.bina.intervalTree,SimpleInterval1D,main,41,1,1,65,0,com.bina.intervalTree.SimpleInterval1D,com.bina.intervalTree.SimpleInterval1D
Varsim,com.bina.intervalTree,SimpleInterval1D,length,3,1,0,120,0,com.bina.intervalTree.SimpleInterval1D,com.bina.intervalTree.SimpleInterval1D
Varsim,com.bina.intervalTree,SimpleInterval1D,getLeft,3,1,0,127,0,,
Varsim,com.bina.intervalTree,SimpleInterval1D,getRight,3,1,0,132,0,,
Varsim,com.bina.intervalTree,SimpleInterval1D,intersects,3,1,1,137,0,com.bina.intervalTree.SimpleInterval1D,com.bina.intervalTree.SimpleInterval1D
Varsim,com.bina.intervalTree,SimpleInterval1D,intersects,3,1,2,147,0,com.bina.intervalTree.SimpleInterval1D,com.bina.intervalTree.SimpleInterval1D
Varsim,com.bina.intervalTree,SimpleInterval1D,intersects,6,1,3,161,0,com.bina.intervalTree.SimpleInterval1D,com.bina.intervalTree.SimpleInterval1D
Varsim,com.bina.intervalTree,SimpleInterval1D,contains,3,1,1,199,0,com.bina.intervalTree.SimpleInterval1D,com.bina.intervalTree.SimpleInterval1D
Varsim,com.bina.intervalTree,SimpleInterval1D,compareTo,7,5,1,207,0,com.bina.intervalTree.SimpleInterval1D,com.bina.intervalTree.SimpleInterval1D
Varsim,com.bina.intervalTree,SimpleInterval1D,union,3,1,1,224,0,com.bina.intervalTree.SimpleInterval1D,com.bina.intervalTree.SimpleInterval1D
Varsim,com.bina.intervalTree,SimpleInterval1D,getCenter,3,1,0,234,0,com.bina.intervalTree.SimpleInterval1D,com.bina.intervalTree.SimpleInterval1D
Varsim,com.bina.intervalTree,SimpleInterval1D,toString,3,1,0,241,0,com.bina.intervalTree.SimpleInterval1D,com.bina.intervalTree.SimpleInterval1D
Varsim,com.bina.intervalTree,SimpleInterval1D,equals,8,5,1,245,0,,
Varsim,com.bina.intervalTree,SimpleInterval1D,hashCode,5,1,0,258,0,,
Varsim,com.bina.intervalTree,ValueInterval1D,ValueInterval1D,4,1,2,11,0,,
Varsim,com.bina.intervalTree,ValueInterval1D,ValueInterval1D,4,1,3,16,0,,
Varsim,com.bina.intervalTree,ValueInterval1D,ValueInterval1D,4,1,2,21,0,,
Varsim,com.bina.intervalTree,ValueInterval1D,getContent,3,1,0,26,0,,
Varsim,com.bina.intervalTree,ValueInterval1D,set,3,1,1,30,0,,
Varsim,com.bina.intervalTree,ValueInterval1D,equals,8,5,1,34,0,,
Varsim,com.bina.intervalTree,ValueInterval1D,hashCode,5,1,0,47,0,,
Varsim,com.bina.intervalTree,SimpleInterval1DTest,setUp,6,1,0,13,0,,
Varsim,com.bina.intervalTree,SimpleInterval1DTest,testLength,5,1,0,20,0,,
Varsim,com.bina.intervalTree,SimpleInterval1DTest,testIntersects,6,1,0,26,0,,
Varsim,com.bina.intervalTree,SimpleInterval1DTest,testIntersects1,6,1,0,33,0,,
Varsim,com.bina.intervalTree,SimpleInterval1DTest,testIntersects2,6,1,0,40,0,,
Varsim,com.bina.intervalTree,SimpleInterval1DTest,testContains,6,1,0,47,0,,
Varsim,com.bina.intervalTree,SimpleInterval1DTest,testCompareTo,4,1,0,54,0,,
Varsim,com.bina.intervalTree,SimpleInterval1DTest,testUnion,3,1,0,59,0,,
Varsim,com.bina.intervalTree,SimpleInterval1DTest,testGetCenter,3,1,0,63,0,,
Varsim,com.bina.intervalTree,SimpleInterval1DTest,testRandomIntervals,16,4,0,67,0,,
Varsim,com.bina.intervalTree,SimpleInterval1DTest,testRandomIntervals2,17,4,0,89,0,,
Varsim,com.bina.varsim.fastqLiftover,FastqLiftOver,FastqLiftOver,3,1,2,48,0,,
Varsim,com.bina.varsim.fastqLiftover,FastqLiftOver,main,3,1,1,52,0,com.bina.varsim.fastqLiftover.FastqLiftOver,com.bina.varsim.fastqLiftover.FastqLiftOver
Varsim,com.bina.varsim.fastqLiftover,FastqLiftOver,decompressStream,14,2,1,56,0,,
Varsim,com.bina.varsim.fastqLiftover,FastqLiftOver,getOutStream,17,3,2,70,0,,
Varsim,com.bina.varsim.fastqLiftover,FastqLiftOver,run,25,5,1,84,0,com.bina.varsim.fastqLiftover.FastqLiftOver,com.bina.varsim.fastqLiftover.FastqLiftOver
Varsim,com.bina.varsim.fastqLiftover,FastqLiftOver,doLiftOverArtFastqMap,7,1,3,115,0,com.bina.varsim.fastqLiftover.FastqLiftOver,com.bina.varsim.fastqLiftover.FastqLiftOver
Varsim,com.bina.varsim.fastqLiftover,FastqLiftOver,doLiftOverDwgsimFastqMap,5,1,3,124,0,com.bina.varsim.fastqLiftover.FastqLiftOver,com.bina.varsim.fastqLiftover.FastqLiftOver
Varsim,com.bina.varsim.fastqLiftover,FastqLiftOver,doLiftOverPbsimFastqMap,6,1,2,131,0,com.bina.varsim.fastqLiftover.FastqLiftOver,com.bina.varsim.fastqLiftover.FastqLiftOver
Varsim,com.bina.varsim.fastqLiftover,FastqLiftOver,doLiftOverPairedFastq,39,7,4,139,0,,
Varsim,com.bina.varsim.fastqLiftover,LongISLNDReadMapLiftOver,LongISLNDReadMapLiftOver,3,1,2,32,0,,
Varsim,com.bina.varsim.fastqLiftover,LongISLNDReadMapLiftOver,main,3,1,1,36,0,com.bina.varsim.fastqLiftover.LongISLNDReadMapLiftOver,com.bina.varsim.fastqLiftover.LongISLNDReadMapLiftOver
Varsim,com.bina.varsim.fastqLiftover,LongISLNDReadMapLiftOver,getOutStream,17,3,2,40,0,,
Varsim,com.bina.varsim.fastqLiftover,LongISLNDReadMapLiftOver,run,9,2,1,54,0,com.bina.varsim.fastqLiftover.LongISLNDReadMapLiftOver,com.bina.varsim.fastqLiftover.LongISLNDReadMapLiftOver
Varsim,com.bina.varsim.fastqLiftover,LongISLNDReadMapLiftOver,doLiftOver,13,3,3,67,0,,
Varsim,com.bina.varsim.fastqLiftover,GenomeLocationTest,GenomeLocationTest,3,1,1,15,0,,
Varsim,com.bina.varsim.fastqLiftover,GenomeLocationTest,suite,3,1,0,24,0,,
Varsim,com.bina.varsim.fastqLiftover,GenomeLocationTest,testGenomeLocationSimple,8,1,0,31,0,,
Varsim,com.bina.varsim.fastqLiftover,SimulatedReadTest,SimulatedReadTest,3,1,1,15,0,,
Varsim,com.bina.varsim.fastqLiftover,SimulatedReadTest,suite,3,1,0,24,0,,
Varsim,com.bina.varsim.fastqLiftover,SimulatedReadTest,testSimulatedReadNameParsingEmpty,18,1,0,31,0,,
Varsim,com.bina.varsim.fastqLiftover,SimulatedReadTest,testSimulatedReadNameParsingNormal,23,1,0,51,0,,
Varsim,com.bina.varsim.fastqLiftover.readers,ArtAlnReader,ArtAlnReader,5,1,1,20,0,com.bina.varsim.fastqLiftover.readers.ArtAlnReader,com.bina.varsim.fastqLiftover.readers.ArtAlnReader
Varsim,com.bina.varsim.fastqLiftover.readers,ArtAlnReader,readHeader,11,4,0,27,0,,
Varsim,com.bina.varsim.fastqLiftover.readers,ArtAlnReader,getNextAln,21,4,0,39,0,,
Varsim,com.bina.varsim.fastqLiftover.readers,ArtAlnReader,hasNextAln,3,1,0,66,0,,
Varsim,com.bina.varsim.fastqLiftover.readers,ARTFastqAlnReader,ARTFastqAlnReader,5,1,3,20,0,,
Varsim,com.bina.varsim.fastqLiftover.readers,ARTFastqAlnReader,getNextRead,40,7,0,26,0,,
Varsim,com.bina.varsim.fastqLiftover.readers,ARTPairedFastqAlnReader,ARTPairedFastqAlnReader,4,1,5,14,0,,
Varsim,com.bina.varsim.fastqLiftover.readers,ARTPairedFastqAlnReader,getNextReadPair,8,2,0,19,0,,
Varsim,com.bina.varsim.fastqLiftover.readers,DWGSIMFastqReader,DWGSIMFastqReader,4,1,2,22,0,,
Varsim,com.bina.varsim.fastqLiftover.readers,DWGSIMFastqReader,getNextRead,40,4,0,27,0,,
Varsim,com.bina.varsim.fastqLiftover.readers,DWGSIMPairedFastqReader,DWGSIMPairedFastqReader,4,1,3,13,0,,
Varsim,com.bina.varsim.fastqLiftover.readers,DWGSIMPairedFastqReader,getNextReadPair,8,2,0,18,0,,
Varsim,com.bina.varsim.fastqLiftover.readers,MafReader,MafReader,4,1,1,15,0,com.bina.varsim.fastqLiftover.readers.MafReader,com.bina.varsim.fastqLiftover.readers.MafReader
Varsim,com.bina.varsim.fastqLiftover.readers,MafReader,next,5,1,0,20,0,com.bina.varsim.fastqLiftover.readers.MafReader,com.bina.varsim.fastqLiftover.readers.MafReader
Varsim,com.bina.varsim.fastqLiftover.readers,MafReader,hasNext,3,1,0,32,0,,
Varsim,com.bina.varsim.fastqLiftover.readers,MafReader,remove,3,1,0,37,0,,
Varsim,com.bina.varsim.fastqLiftover.readers,MafReader,readNextEntry,34,10,0,42,0,,
Varsim,com.bina.varsim.fastqLiftover.readers,MapFileReader,MapFileReader,3,1,1,13,0,,
Varsim,com.bina.varsim.fastqLiftover.readers,MapFileReader,getNext,18,3,0,17,0,,
Varsim,com.bina.varsim.fastqLiftover.readers,PairedFastqReader,getNextReadPair,0,1,0,8,0,,
Varsim,com.bina.varsim.fastqLiftover.readers,PBSIMFastqReader,PBSIMFastqReader,5,1,4,22,0,,
Varsim,com.bina.varsim.fastqLiftover.readers,PBSIMFastqReader,getNextReadPair,25,7,0,28,0,,
Varsim,com.bina.varsim.fastqLiftover.types,ArtAlnRecord,ArtAlnRecord,7,1,5,12,0,,
Varsim,com.bina.varsim.fastqLiftover.types,GenomeInterval,GenomeInterval,2,1,0,20,0,,
Varsim,com.bina.varsim.fastqLiftover.types,GenomeInterval,GenomeInterval,7,1,1,23,0,,
Varsim,com.bina.varsim.fastqLiftover.types,GenomeInterval,GenomeInterval,7,1,5,31,0,,
Varsim,com.bina.varsim.fastqLiftover.types,GenomeInterval,compareTo,10,3,1,39,0,,
Varsim,com.bina.varsim.fastqLiftover.types,GenomeInterval,toString,3,1,0,51,0,,
Varsim,com.bina.varsim.fastqLiftover.types,GenomeInterval,equals,6,3,1,56,0,,
Varsim,com.bina.varsim.fastqLiftover.types,GenomeInterval,getChromosome,3,1,0,64,0,,
Varsim,com.bina.varsim.fastqLiftover.types,GenomeInterval,getStart,3,1,0,68,0,,
Varsim,com.bina.varsim.fastqLiftover.types,GenomeInterval,getEnd,3,1,0,72,0,,
Varsim,com.bina.varsim.fastqLiftover.types,GenomeInterval,getStrand,3,1,0,76,0,,
Varsim,com.bina.varsim.fastqLiftover.types,GenomeInterval,getFeature,3,1,0,80,0,,
Varsim,com.bina.varsim.fastqLiftover.types,GenomeInterval,merge,26,5,1,84,0,com.bina.varsim.fastqLiftover.types.GenomeInterval,com.bina.varsim.fastqLiftover.types.GenomeInterval
Varsim,com.bina.varsim.fastqLiftover.types,GenomeLocation,GenomeLocation,7,1,1,14,0,,
Varsim,com.bina.varsim.fastqLiftover.types,GenomeLocation,GenomeLocation,6,1,2,22,0,,
Varsim,com.bina.varsim.fastqLiftover.types,GenomeLocation,GenomeLocation,6,1,3,29,0,,
Varsim,com.bina.varsim.fastqLiftover.types,GenomeLocation,GenomeLocation,6,1,4,36,0,,
Varsim,com.bina.varsim.fastqLiftover.types,GenomeLocation,isClose,3,1,3,43,0,,
Varsim,com.bina.varsim.fastqLiftover.types,GenomeLocation,isClose,3,1,2,47,0,,
Varsim,com.bina.varsim.fastqLiftover.types,GenomeLocation,compareTo,7,2,1,51,0,,
Varsim,com.bina.varsim.fastqLiftover.types,GenomeLocation,encodeInt,3,1,1,60,0,,
Varsim,com.bina.varsim.fastqLiftover.types,GenomeLocation,toString,3,1,0,64,0,com.bina.varsim.fastqLiftover.types.GenomeLocation,com.bina.varsim.fastqLiftover.types.GenomeLocation
Varsim,com.bina.varsim.fastqLiftover.types,GenomeLocation,equals,6,3,1,68,0,,
Varsim,com.bina.varsim.fastqLiftover.types,MafRecord,MafRecord,7,2,2,8,0,,
Varsim,com.bina.varsim.fastqLiftover.types,MafRecord,header,3,1,0,16,0,,
Varsim,com.bina.varsim.fastqLiftover.types,MafRecord,size,3,1,0,20,0,,
Varsim,com.bina.varsim.fastqLiftover.types,MafRecord,get,3,1,1,24,0,,
Varsim,com.bina.varsim.fastqLiftover.types,MafRecord,toString,8,2,0,28,0,com.bina.varsim.fastqLiftover.types.MafRecord,com.bina.varsim.fastqLiftover.types.MafRecord
Varsim,com.bina.varsim.fastqLiftover.types,MapBlock,MapBlock,8,1,8,13,0,,
Varsim,com.bina.varsim.fastqLiftover.types,MapBlock,MapBlock,7,1,1,22,0,,
Varsim,com.bina.varsim.fastqLiftover.types,MapBlock,isMappable,3,1,0,30,0,,
Varsim,com.bina.varsim.fastqLiftover.types,MapBlock,compareTo,3,1,1,34,0,,
Varsim,com.bina.varsim.fastqLiftover.types,MapBlock,toString,3,1,0,39,0,,
Varsim,com.bina.varsim.fastqLiftover.types,MapBlock,equals,8,2,1,43,0,,
Varsim,com.bina.varsim.fastqLiftover.types,MapBlock,BlockType,5,1,3,60,0,,
Varsim,com.bina.varsim.fastqLiftover.types,MapBlock,fromName,8,3,1,66,0,,
Varsim,com.bina.varsim.fastqLiftover.types,MapBlock,equalsName,3,1,1,75,0,,
Varsim,com.bina.varsim.fastqLiftover.types,MapBlock,toString,3,1,0,79,0,,
Varsim,com.bina.varsim.fastqLiftover.types,MapBlock,getShortName,3,1,0,83,0,,
Varsim,com.bina.varsim.fastqLiftover.types,MapBlock,getLongName,3,1,0,87,0,,
Varsim,com.bina.varsim.fastqLiftover.types,MapBlock,isMappable,3,1,0,91,0,,
Varsim,com.bina.varsim.fastqLiftover.types,MapBlocks,MapBlocks,19,4,1,23,0,,
Varsim,com.bina.varsim.fastqLiftover.types,MapBlocks,liftOverInterval,53,10,4,45,0,,
Varsim,com.bina.varsim.fastqLiftover.types,MapBlocks,liftOverGenomeInterval,51,7,2,105,0,com.bina.varsim.fastqLiftover.types.MapBlocks,com.bina.varsim.fastqLiftover.types.MapBlocks
Varsim,com.bina.varsim.fastqLiftover.types,MapBlocks,liftOverReadMapRecord,14,4,2,167,0,com.bina.varsim.fastqLiftover.types.MapBlocks,com.bina.varsim.fastqLiftover.types.MapBlocks
Varsim,com.bina.varsim.fastqLiftover.types,MapBlocks,findIntersectingBlocks,11,3,4,182,0,,
Varsim,com.bina.varsim.fastqLiftover.types,SimulatedRead,SimulatedRead,6,1,0,34,0,,
Varsim,com.bina.varsim.fastqLiftover.types,SimulatedRead,SimulatedRead,17,1,1,42,0,com.bina.varsim.fastqLiftover.types.SimulatedRead,com.bina.varsim.fastqLiftover.types.SimulatedRead
Varsim,com.bina.varsim.fastqLiftover.types,SimulatedRead,parseLocations,10,3,1,61,0,,
Varsim,com.bina.varsim.fastqLiftover.types,SimulatedRead,getLength,3,1,0,72,0,,
Varsim,com.bina.varsim.fastqLiftover.types,SimulatedRead,encodeInt,3,1,1,76,0,,
Varsim,com.bina.varsim.fastqLiftover.types,SimulatedRead,decodeInt,3,1,1,80,0,,
Varsim,com.bina.varsim.fastqLiftover.types,SimulatedRead,encodeInts,10,3,1,84,0,,
Varsim,com.bina.varsim.fastqLiftover.types,SimulatedRead,getName,3,1,0,95,0,,
Varsim,com.bina.varsim.fastqLiftover.types,SimulatedRead,selectLocs,16,4,1,101,0,,
Varsim,com.bina.varsim.fastqLiftover.types,SimulatedRead,getShortName,3,1,0,117,0,com.bina.varsim.fastqLiftover.types.SimulatedRead,com.bina.varsim.fastqLiftover.types.SimulatedRead
Varsim,com.bina.varsim.fastqLiftover.types,SimulatedRead,getReadId,3,1,0,123,0,,
Varsim,com.bina.varsim.fastqLiftover.types,SimulatedRead,setReadId,3,1,1,127,0,,
Varsim,com.bina.varsim.fastqLiftover.types,SimulatedRead,toString,8,2,0,131,0,com.bina.varsim.fastqLiftover.types.SimulatedRead,com.bina.varsim.fastqLiftover.types.SimulatedRead
Varsim,com.bina.varsim.fastqLiftover.types,SimulatedRead,getLocs,3,1,1,140,0,,
Varsim,com.bina.varsim.fastqLiftover.types,SimulatedReadPair,SimulatedReadPair,10,1,2,7,0,,
Varsim,com.bina.varsim.fastqLiftover.types,SimulatedReadPair,SimulatedReadPair,4,1,1,19,0,,
Varsim,com.bina.varsim.readers.longislnd,LongISLNDReadAlignmentMap,LongISLNDReadAlignmentMap,16,3,1,22,0,,
Varsim,com.bina.varsim.readers.longislnd,LongISLNDReadAlignmentMap,writeReadMap,7,2,1,38,0,,
Varsim,com.bina.varsim.readers.longislnd,LongISLNDReadAlignmentMap,getReadAlignmentMap,3,1,0,46,0,,
Varsim,com.bina.varsim.readers.longislnd,LongISLNDReadMapRecord,LongISLNDReadMapRecord,7,1,1,27,0,,
Varsim,com.bina.varsim.readers.longislnd,LongISLNDReadMapRecord,getChromosome,3,1,0,35,0,,
Varsim,com.bina.varsim.readers.longislnd,LongISLNDReadMapRecord,getStart,3,1,0,39,0,,
Varsim,com.bina.varsim.readers.longislnd,LongISLNDReadMapRecord,getEnd,3,1,0,43,0,,
Varsim,com.bina.varsim.readers.longislnd,LongISLNDReadMapRecord,getReadName,3,1,0,47,0,,
Varsim,com.bina.varsim.readers.longislnd,LongISLNDReadMapRecord,getStrand,3,1,0,51,0,,
Varsim,com.bina.varsim.readers.longislnd,LongISLNDReadMapRecord,toReadMapRecord,3,1,0,55,0,,
Varsim,com.bina.varsim.tools.evaluation,JSONInserter,JSONInserter,3,1,2,29,0,,
Varsim,com.bina.varsim.tools.evaluation,JSONInserter,insertJSON,5,1,2,33,0,,
Varsim,com.bina.varsim.tools.evaluation,JSONInserter,main,3,1,1,39,0,com.bina.varsim.tools.evaluation.JSONInserter,com.bina.varsim.tools.evaluation.JSONInserter
Varsim,com.bina.varsim.tools.evaluation,JSONInserter,run,20,4,1,43,0,com.bina.varsim.tools.evaluation.JSONInserter,com.bina.varsim.tools.evaluation.JSONInserter
Varsim,com.bina.varsim.tools.evaluation,SAMcompare,SAMcompare,3,1,2,65,0,,
Varsim,com.bina.varsim.tools.evaluation,SAMcompare,main,3,1,1,74,0,com.bina.varsim.tools.evaluation.SAMcompare,com.bina.varsim.tools.evaluation.SAMcompare
Varsim,com.bina.varsim.tools.evaluation,SAMcompare,getPairIdx,3,1,1,82,0,,
Varsim,com.bina.varsim.tools.evaluation,SAMcompare,run,119,23,1,92,0,com.bina.varsim.tools.evaluation.SAMcompare,com.bina.varsim.tools.evaluation.SAMcompare
Varsim,com.bina.varsim.tools.evaluation,SAMcompare,isContainedInBed,12,4,3,370,0,,
Varsim,com.bina.varsim.tools.evaluation,SAMcompare,getIdentity,9,3,1,393,0,,
Varsim,com.bina.varsim.tools.evaluation,VCFcompare,VCFcompare,3,1,2,127,0,,
Varsim,com.bina.varsim.tools.evaluation,VCFcompare,main,3,1,1,131,0,com.bina.varsim.tools.evaluation.VCFcompare,com.bina.varsim.tools.evaluation.VCFcompare
Varsim,com.bina.varsim.tools.evaluation,VCFcompare,canonicalizeToIndels,92,13,7,135,0,,
Varsim,com.bina.varsim.tools.evaluation,VCFcompare,canonicalizeVariant,8,2,1,263,0,com.bina.varsim.tools.evaluation.VCFcompare,com.bina.varsim.tools.evaluation.VCFcompare
Varsim,com.bina.varsim.tools.evaluation,VCFcompare,canonicalizeVariant,213,47,2,288,0,com.bina.varsim.tools.evaluation.VCFcompare,com.bina.varsim.tools.evaluation.VCFcompare
Varsim,com.bina.varsim.tools.evaluation,VCFcompare,run,11,3,1,723,0,com.bina.varsim.tools.evaluation.VCFcompare,com.bina.varsim.tools.evaluation.VCFcompare
Varsim,com.bina.varsim.tools.evaluation,VCFcompare,localMatching,399,60,0,740,0,com.bina.varsim.tools.evaluation.VCFcompare,com.bina.varsim.tools.evaluation.VCFcompare
Varsim,com.bina.varsim.tools.evaluation,VCFcompare,globalMatching,2,1,0,1286,0,,
Varsim,com.bina.varsim.tools.evaluation,VCFcompare,printVCFHeader,40,10,6,1635,0,,
Varsim,com.bina.varsim.tools.evaluation,VCFcompare,getSummaryStats,40,6,1,1688,0,,
Varsim,com.bina.varsim.tools.evaluation,VCFCompareResultsParser,VCFCompareResultsParser,3,1,2,80,0,,
Varsim,com.bina.varsim.tools.evaluation,VCFCompareResultsParser,StringArrayToIntArray,3,1,1,84,0,,
Varsim,com.bina.varsim.tools.evaluation,VCFCompareResultsParser,main,3,1,1,89,0,com.bina.varsim.tools.evaluation.VCFCompareResultsParser,com.bina.varsim.tools.evaluation.VCFCompareResultsParser
Varsim,com.bina.varsim.tools.evaluation,VCFCompareResultsParser,run,43,4,1,93,0,com.bina.varsim.tools.evaluation.VCFCompareResultsParser,com.bina.varsim.tools.evaluation.VCFCompareResultsParser
Varsim,com.bina.varsim.tools.evaluation,VCFCompareResultsParser,countVariants,55,13,5,155,0,,
Varsim,com.bina.varsim.tools.evaluation,SAMCompareTest,universalTestMethodShortRead,3,1,1,25,0,,
Varsim,com.bina.varsim.tools.evaluation,SAMCompareTest,universalTestMethodShortRead,3,1,2,29,0,,
Varsim,com.bina.varsim.tools.evaluation,SAMCompareTest,universalTestMethodLongRead,3,1,1,32,0,,
Varsim,com.bina.varsim.tools.evaluation,SAMCompareTest,universalTestMethodLongRead,3,1,2,35,0,,
Varsim,com.bina.varsim.tools.evaluation,SAMCompareTest,universalTestMethod,34,2,3,38,0,,
Varsim,com.bina.varsim.tools.evaluation,SAMCompareTest,firstSAMCompareShortReadTest,3,1,0,86,1,,
Varsim,com.bina.varsim.tools.evaluation,SAMCompareTest,oneFalsePositiveSAMCompareShortReadTest,3,1,0,95,1,,
Varsim,com.bina.varsim.tools.evaluation,SAMCompareTest,oneFalsePositiveOneTruePositiveMultiAlignmentSAMCompareShortReadTest,3,1,0,104,1,,
Varsim,com.bina.varsim.tools.evaluation,SAMCompareTest,firstSAMCompareLongReadTest,3,1,0,120,1,,
Varsim,com.bina.varsim.tools.evaluation,VCFCompareTest,universalTestMethod,3,1,1,27,0,,
Varsim,com.bina.varsim.tools.evaluation,VCFCompareTest,universalTestMethod,30,2,2,30,0,,
Varsim,com.bina.varsim.tools.evaluation,VCFCompareTest,firstSimpleTest,3,1,0,68,1,,
Varsim,com.bina.varsim.tools.evaluation,VCFCompareTest,genotypeTest1,3,1,0,77,1,,
Varsim,com.bina.varsim.tools.evaluation,VCFCompareTest,genotypeTest2,3,1,0,86,1,,
Varsim,com.bina.varsim.tools.evaluation,VCFCompareTest,differentPaddingTest,3,1,0,96,1,,
Varsim,com.bina.varsim.tools.evaluation,VCFCompareTest,canonicalizationTest1,3,1,0,104,1,,
Varsim,com.bina.varsim.tools.evaluation,VCFCompareTest,canonicalizationTest2,3,1,0,113,1,,
Varsim,com.bina.varsim.tools.evaluation,VCFCompareTest,canonicalizationTest3,3,1,0,122,1,,
Varsim,com.bina.varsim.tools.evaluation,VCFCompareTest,canonicalizationTest4SNPvsMNP,3,1,0,131,1,,
Varsim,com.bina.varsim.tools.evaluation,VCFCompareTest,canonicalizationTest5SNPvsMNPnoGT,3,1,0,140,1,,
Varsim,com.bina.varsim.tools.evaluation,VCFCompareTest,missingGTSNPTest,3,1,0,150,1,,
Varsim,com.bina.varsim.tools.evaluation,VCFCompareTest,duplicateLociSNPTest,3,1,0,158,1,,
Varsim,com.bina.varsim.tools.evaluation,VCFCompareTest,breakendEvaluationOnIdenticalBalancedNonreciprocalTranslocation,3,1,0,166,1,,
Varsim,com.bina.varsim.tools.evaluation,VCFCompareTest,insertionVsInsertionTest,3,1,0,175,1,,
Varsim,com.bina.varsim.tools.evaluation,VCFCompareTest,breakendEvaluationDifferentInsertionsFailWithSmallWiggle,3,1,0,183,1,,
Varsim,com.bina.varsim.tools.evaluation,VCFCompareTest,breakendEvaluationDifferentInsertionsSucceedWithLargeWiggle,3,1,0,192,1,,
Varsim,com.bina.varsim.tools.evaluation,VCFCompareTest,breakendEvaluationDifferentDuplicationChromosomes,3,1,0,201,1,,
Varsim,com.bina.varsim.tools.evaluation,VCFCompareTest,breakendEvaluationDifferentDuplicationOrientations,3,1,0,210,1,,
Varsim,com.bina.varsim.tools.evaluation,VCFCompareTest,breakendEvaluationNonReciprocalBalancedWithLargeWiggle,3,1,0,221,1,,
Varsim,com.bina.varsim.tools.evaluation,VCFCompareTest,distanceSNPTest,3,1,0,232,1,,
Varsim,com.bina.varsim.tools.evaluation,VCFCompareTest,distanceINSTest,3,1,0,240,1,,
Varsim,com.bina.varsim.tools.evaluation,VCFCompareTest,impreciseDistanceINSTest,3,1,0,248,1,,
Varsim,com.bina.varsim.tools.evaluation,VCFCompareTest,impreciseDistanceINSTest2,3,1,0,258,1,,
Varsim,com.bina.varsim.tools.evaluation,VCFCompareTest,distanceINVTest,3,1,0,268,1,,
Varsim,com.bina.varsim.tools.evaluation,VCFCompareTest,distanceDELTest,3,1,0,276,1,,
Varsim,com.bina.varsim.tools.evaluation,VCFCompareTest,distanceDUPTest,3,1,0,284,1,,
Varsim,com.bina.varsim.tools.evaluation,VCFCompareTest,distanceTenDUPTest,3,1,0,292,1,,
Varsim,com.bina.varsim.tools.evaluation,VCFCompareTest,sameLociDifferentInsertSeq,3,1,0,301,1,,
Varsim,com.bina.varsim.tools.evaluation,VCFCompareTest,sameLociSameInsertSeq,3,1,0,309,1,,
Varsim,com.bina.varsim.tools.evaluation,VCFCompareTest,distanceMultipleMatchingTest,3,1,0,317,1,,
Varsim,com.bina.varsim.tools.evaluation,VCFCompareTest,complexVariantNoPartialMatchingTest,3,1,0,326,1,,
Varsim,com.bina.varsim.tools.evaluation,VCFCompareTest,complexVariantNoPartialMatchingTest2,3,1,0,337,1,,
Varsim,com.bina.varsim.tools,LiftOver,LiftOver,3,1,2,36,0,,
Varsim,com.bina.varsim.tools,LiftOver,main,3,1,1,40,0,com.bina.varsim.tools.LiftOver,com.bina.varsim.tools.LiftOver
Varsim,com.bina.varsim.tools,LiftOver,run,55,10,1,44,0,,
Varsim,com.bina.varsim.tools,VCFstats,VCFstats,3,1,2,30,0,,
Varsim,com.bina.varsim.tools,VCFstats,main,3,1,1,34,0,com.bina.varsim.tools.VCFstats,com.bina.varsim.tools.VCFstats
Varsim,com.bina.varsim.tools,VCFstats,run,23,6,1,41,0,,
Varsim,com.bina.varsim.tools,LiftOverTest,universalTestMethod,3,1,1,20,0,,
Varsim,com.bina.varsim.tools,LiftOverTest,universalTestMethod,10,1,2,23,0,,
Varsim,com.bina.varsim.tools,LiftOverTest,firstSimpleTest,3,1,0,40,1,,
Varsim,com.bina.varsim.tools,LiftOverTest,tandemDupTest,3,1,0,49,1,,
Varsim,com.bina.varsim.tools,LiftOverTest,largeInsertionTest,3,1,0,58,1,,
Varsim,com.bina.varsim.tools.simulation,RandBED2VCF,RandBED2VCF,5,1,2,59,0,,
Varsim,com.bina.varsim.tools.simulation,RandBED2VCF,main,3,1,1,65,0,com.bina.varsim.tools.simulation.RandBED2VCF,com.bina.varsim.tools.simulation.RandBED2VCF
Varsim,com.bina.varsim.tools.simulation,RandBED2VCF,randOutputVcfRecord,5,1,2,74,0,,
Varsim,com.bina.varsim.tools.simulation,RandBED2VCF,parseBedLine,65,11,2,86,0,,
Varsim,com.bina.varsim.tools.simulation,RandBED2VCF,process_bed,20,4,3,162,0,com.bina.varsim.tools.simulation.RandBED2VCF,com.bina.varsim.tools.simulation.RandBED2VCF
Varsim,com.bina.varsim.tools.simulation,RandBED2VCF,run,65,4,1,189,0,com.bina.varsim.tools.simulation.RandBED2VCF,com.bina.varsim.tools.simulation.RandBED2VCF
Varsim,com.bina.varsim.tools.simulation,RandDGV2VCF,RandDGV2VCF,4,1,2,70,0,,
Varsim,com.bina.varsim.tools.simulation,RandDGV2VCF,main,3,1,1,75,0,com.bina.varsim.tools.simulation.RandDGV2VCF,com.bina.varsim.tools.simulation.RandDGV2VCF
Varsim,com.bina.varsim.tools.simulation,RandDGV2VCF,countVariantsInDGV,54,9,3,82,0,,
Varsim,com.bina.varsim.tools.simulation,RandDGV2VCF,sampleFromDGV,49,11,6,153,0,com.bina.varsim.tools.simulation.RandDGV2VCF,com.bina.varsim.tools.simulation.RandDGV2VCF
Varsim,com.bina.varsim.tools.simulation,RandDGV2VCF,randOutputVcfRecord,27,4,6,227,0,,
Varsim,com.bina.varsim.tools.simulation,RandDGV2VCF,run,18,3,1,277,0,com.bina.varsim.tools.simulation.RandDGV2VCF,com.bina.varsim.tools.simulation.RandDGV2VCF
Varsim,com.bina.varsim.tools.simulation,RandSequenceVCF,RandSequenceVCF,3,1,2,34,0,,
Varsim,com.bina.varsim.tools.simulation,RandSequenceVCF,main,3,1,1,38,0,com.bina.varsim.tools.simulation.RandSequenceVCF,com.bina.varsim.tools.simulation.RandSequenceVCF
Varsim,com.bina.varsim.tools.simulation,RandSequenceVCF,run,23,4,1,42,0,,
Varsim,com.bina.varsim.tools.simulation,RandVCF2VCF,RandVCF2VCF,4,1,2,83,0,,
Varsim,com.bina.varsim.tools.simulation,RandVCF2VCF,main,3,1,1,88,0,com.bina.varsim.tools.simulation.RandVCF2VCF,com.bina.varsim.tools.simulation.RandVCF2VCF
Varsim,com.bina.varsim.tools.simulation,RandVCF2VCF,countVariants,48,8,2,96,0,,
Varsim,com.bina.varsim.tools.simulation,RandVCF2VCF,sampleFromVCF,50,10,5,160,0,com.bina.varsim.tools.simulation.RandVCF2VCF,com.bina.varsim.tools.simulation.RandVCF2VCF
Varsim,com.bina.varsim.tools.simulation,RandVCF2VCF,randOutputVcfRecord,25,4,5,236,0,,
Varsim,com.bina.varsim.tools.simulation,RandVCF2VCF,run,15,3,1,279,0,com.bina.varsim.tools.simulation.RandVCF2VCF,com.bina.varsim.tools.simulation.RandVCF2VCF
Varsim,com.bina.varsim.tools.simulation,RandVCFgenerator,RandVCFgenerator,4,1,2,24,0,,
Varsim,com.bina.varsim.tools.simulation,RandVCFgenerator,fileToByteArray,19,2,1,32,0,,
Varsim,com.bina.varsim.tools.simulation,RandVCFgenerator,sampleGenotype,20,4,5,59,0,,
Varsim,com.bina.varsim.tools.simulation,RandVCFgenerator,sampleGenotype,3,1,4,90,0,com.bina.varsim.tools.simulation.RandVCFgenerator,com.bina.varsim.tools.simulation.RandVCFgenerator
Varsim,com.bina.varsim.tools.simulation,RandVCFgenerator,fillInSeq,17,4,3,104,0,,
Varsim,com.bina.varsim.tools.simulation,RandVCFgenerator,outputVcfRecord,4,1,4,134,0,,
Varsim,com.bina.varsim.tools.simulation,RandVCFgenerator,outputVcfRecord,3,1,2,151,0,com.bina.varsim.tools.simulation.RandVCFgenerator,com.bina.varsim.tools.simulation.RandVCFgenerator
Varsim,com.bina.varsim.tools.simulation,VCF2diploid,VCF2diploid,4,1,2,60,0,,
Varsim,com.bina.varsim.tools.simulation,VCF2diploid,VCF2diploid,4,1,0,69,0,,
Varsim,com.bina.varsim.tools.simulation,VCF2diploid,main,3,1,1,74,0,com.bina.varsim.tools.simulation.VCF2diploid,com.bina.varsim.tools.simulation.VCF2diploid
Varsim,com.bina.varsim.tools.simulation,VCF2diploid,getOutputMap,3,1,0,83,0,,
Varsim,com.bina.varsim.tools.simulation,VCF2diploid,run,18,5,1,87,0,com.bina.varsim.tools.simulation.VCF2diploid,com.bina.varsim.tools.simulation.VCF2diploid
Varsim,com.bina.varsim.tools.simulation,VCF2diploid,parseVCFs,30,8,4,116,0,,
Varsim,com.bina.varsim.tools.simulation,VCF2diploid,makeDiploid,105,18,0,166,0,com.bina.varsim.tools.simulation.VCF2diploid,com.bina.varsim.tools.simulation.VCF2diploid
Varsim,com.bina.varsim.tools.simulation,VCF2diploid,addVariant,108,22,6,321,0,,
Varsim,com.bina.varsim.tools.simulation,VCF2diploid,makePosMap,0,7,5,514,0,,
Varsim,com.bina.varsim.tools.simulation,VCF2diploid,writeHaploid,12,1,4,594,0,com.bina.varsim.tools.simulation.VCF2diploid,com.bina.varsim.tools.simulation.VCF2diploid
Varsim,com.bina.varsim.tools.simulation,VCF2diploid,writeGenome,27,7,4,624,0,,
Varsim,com.bina.varsim.tools.simulation,VCF2diploid,writeVCF,29,5,7,671,0,,
Varsim,com.bina.varsim.tools.simulation,VCF2diploidTest,universalTestMethod,32,2,1,25,0,,
Varsim,com.bina.varsim.tools.simulation,VCF2diploidTest,universalTestMethod2,22,2,1,63,0,,
Varsim,com.bina.varsim.tools.simulation,VCF2diploidTest,universalTestMethod3,21,2,1,92,0,,
Varsim,com.bina.varsim.tools.simulation,VCF2diploidTest,SNPTest,3,1,0,132,1,,
Varsim,com.bina.varsim.tools.simulation,VCF2diploidTest,MNPTest,3,1,0,136,1,,
Varsim,com.bina.varsim.tools.simulation,VCF2diploidTest,InsertionTest,3,1,0,140,1,,
Varsim,com.bina.varsim.tools.simulation,VCF2diploidTest,DeletionTest,3,1,0,144,1,,
Varsim,com.bina.varsim.tools.simulation,VCF2diploidTest,InversionTest,3,1,0,148,1,,
Varsim,com.bina.varsim.tools.simulation,VCF2diploidTest,DuplicationTest,3,1,0,152,1,,
Varsim,com.bina.varsim.tools.simulation,VCF2diploidTest,MixedTest,3,1,0,156,1,,
Varsim,com.bina.varsim.tools.simulation,VCF2diploidTest,balancedReciprocalTranslocationIntrachromosomalTest,3,1,0,160,1,,
Varsim,com.bina.varsim.tools.simulation,VCF2diploidTest,balancedReciprocalTranslocationIntrachromosomalWithInversionTest,3,1,0,164,1,,
Varsim,com.bina.varsim.tools.simulation,VCF2diploidTest,balancedReciprocalTranslocationInterchromosomalTest,3,1,0,168,1,,
Varsim,com.bina.varsim.tools.simulation,VCF2diploidTest,balancedReciprocalTranslocationInterchromosomalWithInversionTest,3,1,0,172,1,,
Varsim,com.bina.varsim.tools.simulation,VCF2diploidTest,balancedNonReciprocalTranslocationInterchromosomal,3,1,0,176,1,,
Varsim,com.bina.varsim.tools.simulation,VCF2diploidTest,balancedNonReciprocalTranslocationInterchromosomalWithInversionTest,3,1,0,180,1,,
Varsim,com.bina.varsim.tools.simulation,VCF2diploidTest,balancedNonReciprocalTranslocationInterHomologousChromosomal,3,1,0,184,1,,
Varsim,com.bina.varsim.tools.simulation,VCF2diploidTest,balancedNonReciprocalTranslocationIntrachromosomal,3,1,0,188,1,,
Varsim,com.bina.varsim.tools.simulation,VCF2diploidTest,balancedNonReciprocalTranslocationIntrachromosomalWithInversion,3,1,0,192,1,,
Varsim,com.bina.varsim.tools.simulation,VCF2diploidTest,unbalancedTranslocationInterchromosomal,3,1,0,196,1,,
Varsim,com.bina.varsim.tools.simulation,VCF2diploidTest,unbalancedTranslocationIntrachromosomal,3,1,0,200,1,,
Varsim,com.bina.varsim.tools.simulation,VCF2diploidTest,unbalancedTranslocationInterchromosomalWithInversion,3,1,0,205,1,,
Varsim,com.bina.varsim.tools.simulation,VCF2diploidTest,unbalancedTranslocationIntrachromosomalWithInversion,3,1,0,213,1,,
Varsim,com.bina.varsim.tools.simulation,VCF2diploidTest,unbalancedGainTranslocationInterchromosomal,3,1,0,217,1,,
Varsim,com.bina.varsim.tools.simulation,VCF2diploidTest,unbalancedGainTranslocationIntrachromosomal,3,1,0,221,1,,
Varsim,com.bina.varsim.tools.simulation,VCF2diploidTest,unbalancedGainTranslocationInterchromosomalWithInversion,3,1,0,225,1,,
Varsim,com.bina.varsim.tools.simulation,VCF2diploidTest,unbalancedGainTranslocationIntrachromosomalWithInversion,3,1,0,229,1,,
Varsim,com.bina.varsim.tools.simulation,VCF2diploidTest,homDelOverlapOthers,3,1,0,233,1,,
Varsim,com.bina.varsim.tools.simulation,VCF2diploidTest,hetDelOverlapOthers,3,1,0,237,1,,
Varsim,com.bina.varsim.tools.simulation,VCF2diploidTest,maleChrXHet,3,1,0,241,1,,
Varsim,com.bina.varsim.tools.simulation,VCF2diploidTest,cnvTest,3,1,0,245,1,,
Varsim,com.bina.varsim.tools.simulation,VCF2diploidTest,dupDelTest,3,1,0,249,1,,
Varsim,com.bina.varsim.types,BedFile,BedFile,10,1,1,27,0,com.bina.varsim.types.BedFile,com.bina.varsim.types.BedFile
Varsim,com.bina.varsim.types,BedFile,BedFile,4,1,2,42,0,,
Varsim,com.bina.varsim.types,BedFile,readBedFile,22,3,1,53,0,,
Varsim,com.bina.varsim.types,BedFile,contains,3,1,3,86,0,,
Varsim,com.bina.varsim.types,BedFile,contains,3,1,2,98,0,,
Varsim,com.bina.varsim.types,BedFile,containsEndpoints,13,3,3,109,0,,
Varsim,com.bina.varsim.types,BedFile,containsEndpoints,3,1,2,131,0,com.bina.varsim.types.BedFile,com.bina.varsim.types.BedFile
Varsim,com.bina.varsim.types,ChrString,ChrString,3,1,1,18,0,,
Varsim,com.bina.varsim.types,ChrString,stripChr,9,3,1,22,0,,
Varsim,com.bina.varsim.types,ChrString,string2ChrString,10,3,1,38,0,,
Varsim,com.bina.varsim.types,ChrString,getName,3,1,0,54,0,,
Varsim,com.bina.varsim.types,ChrString,toString,3,1,0,58,0,,
Varsim,com.bina.varsim.types,ChrString,isX,10,3,0,63,0,,
Varsim,com.bina.varsim.types,ChrString,isY,10,3,0,73,0,,
Varsim,com.bina.varsim.types,ChrString,isMT,10,3,0,83,0,,
Varsim,com.bina.varsim.types,ChrString,isHaploid,9,3,1,93,0,com.bina.varsim.types.ChrString,com.bina.varsim.types.ChrString
Varsim,com.bina.varsim.types,ChrString,equals,6,3,1,109,0,,
Varsim,com.bina.varsim.types,ChrString,hashCode,3,1,0,120,0,,
Varsim,com.bina.varsim.types,ChrString,compareTo,3,1,1,125,0,com.bina.varsim.types.ChrString,com.bina.varsim.types.ChrString
Varsim,com.bina.varsim.types,FlexSeq,FlexSeq,13,1,1,95,0,com.bina.varsim.types.FlexSeq,com.bina.varsim.types.FlexSeq
Varsim,com.bina.varsim.types,FlexSeq,FlexSeq,5,1,0,108,0,,
Varsim,com.bina.varsim.types,FlexSeq,FlexSeq,7,1,1,118,0,com.bina.varsim.types.FlexSeq,com.bina.varsim.types.FlexSeq
Varsim,com.bina.varsim.types,FlexSeq,FlexSeq,6,1,1,132,0,com.bina.varsim.types.FlexSeq,com.bina.varsim.types.FlexSeq
Varsim,com.bina.varsim.types,FlexSeq,FlexSeq,5,1,2,145,0,,
Varsim,com.bina.varsim.types,FlexSeq,FlexSeq,4,1,3,162,0,,
Varsim,com.bina.varsim.types,FlexSeq,FlexSeq,13,2,1,176,0,com.bina.varsim.types.FlexSeq,com.bina.varsim.types.FlexSeq
Varsim,com.bina.varsim.types,FlexSeq,byteAt,8,2,1,189,0,,
Varsim,com.bina.varsim.types,FlexSeq,substring,3,1,1,203,0,,
Varsim,com.bina.varsim.types,FlexSeq,substring,3,1,2,211,0,,
Varsim,com.bina.varsim.types,FlexSeq,length,3,1,0,220,0,,
Varsim,com.bina.varsim.types,FlexSeq,isInversed,3,1,0,227,0,,
Varsim,com.bina.varsim.types,FlexSeq,varLength,6,2,0,231,0,,
Varsim,com.bina.varsim.types,FlexSeq,checkSequence,9,4,1,241,0,,
Varsim,com.bina.varsim.types,FlexSeq,equals,11,8,1,257,0,,
Varsim,com.bina.varsim.types,FlexSeq,hashCode,11,2,0,273,0,,
Varsim,com.bina.varsim.types,FlexSeq,getCopyNumber,3,1,0,290,0,,
Varsim,com.bina.varsim.types,FlexSeq,getType,3,1,0,294,0,,
Varsim,com.bina.varsim.types,FlexSeq,getVariantId,3,1,0,298,0,,
Varsim,com.bina.varsim.types,FlexSeq,getSequence,3,1,0,302,0,,
Varsim,com.bina.varsim.types,FlexSeq,isSeq,3,1,0,307,0,,
Varsim,com.bina.varsim.types,FlexSeq,toString,0,9,0,311,0,,
Varsim,com.bina.varsim.types,FlexSeq,getChr2,3,1,0,356,0,,
Varsim,com.bina.varsim.types,FlexSeq,getPos2,3,1,0,360,0,,
Varsim,com.bina.varsim.types,FlexSeq,getEnd2,3,1,0,364,0,,
Varsim,com.bina.varsim.types,FlexSeq,getReferenceAlleleLength,3,1,0,368,0,,
Varsim,com.bina.varsim.types,Genotypes,Genotypes,3,1,4,15,0,,
Varsim,com.bina.varsim.types,Genotypes,Genotypes,29,6,5,26,0,,
Varsim,com.bina.varsim.types,Genotypes,Genotypes,5,1,2,66,0,,
Varsim,com.bina.varsim.types,Genotypes,isNonRef,3,1,0,76,0,,
Varsim,com.bina.varsim.types,Genotypes,toString,3,1,0,83,0,,
Varsim,com.bina.varsim.types,HostRefIdx,HostRefIdx,4,1,0,16,0,,
Varsim,com.bina.varsim.types,HostRefIdx,adjust_idx,22,7,1,20,0,,
Varsim,com.bina.varsim.types,MapRecord,MapRecord,2,1,0,30,0,,
Varsim,com.bina.varsim.types,MapRecord,generateNewMapRecord,104,12,7,31,0,,
Varsim,com.bina.varsim.types,MapRecord,toString,17,2,0,198,0,,
Varsim,com.bina.varsim.types,ParentRecord,ParentRecord,7,1,0,20,0,,
Varsim,com.bina.varsim.types,ParentRecord,add,20,5,2,28,0,,
Varsim,com.bina.varsim.types,ParentRecord,toString,3,1,0,56,0,,
Varsim,com.bina.varsim.types,ReadMapBlock,ReadMapBlock,2,1,0,21,0,,
Varsim,com.bina.varsim.types,ReadMapBlock,ReadMapBlock,5,1,3,24,0,,
Varsim,com.bina.varsim.types,ReadMapBlock,ReadMapBlock,7,1,1,30,0,,
Varsim,com.bina.varsim.types,ReadMapBlock,toString,3,1,0,38,0,,
Varsim,com.bina.varsim.types,ReadMapBlock,getReadStart,3,1,0,42,0,,
Varsim,com.bina.varsim.types,ReadMapBlock,getReadEnd,3,1,0,46,0,,
Varsim,com.bina.varsim.types,ReadMapBlock,getMapInterval,3,1,0,50,0,,
Varsim,com.bina.varsim.types,ReadMapBlock,getUnclippedStart,3,1,0,54,0,,
Varsim,com.bina.varsim.types,ReadMapRecord,ReadMapRecord,2,1,0,24,0,,
Varsim,com.bina.varsim.types,ReadMapRecord,ReadMapRecord,4,1,2,27,0,,
Varsim,com.bina.varsim.types,ReadMapRecord,ReadMapRecord,4,1,2,32,0,,
Varsim,com.bina.varsim.types,ReadMapRecord,ReadMapRecord,16,3,1,37,0,,
Varsim,com.bina.varsim.types,ReadMapRecord,toString,9,2,0,54,0,,
Varsim,com.bina.varsim.types,ReadMapRecord,getReadName,3,1,0,65,0,,
Varsim,com.bina.varsim.types,ReadMapRecord,setReadName,3,1,1,69,0,,
Varsim,com.bina.varsim.types,ReadMapRecord,getMultiReadMapBlocks,3,1,0,73,0,,
Varsim,com.bina.varsim.types,ReadMapRecord,setMultiReadMapBlocks,3,1,1,77,0,,
Varsim,com.bina.varsim.types,ReadMapRecord,getReadMapBlocks,3,1,1,81,0,,
Varsim,com.bina.varsim.types,ReadMapRecord,getUnclippedStarts,9,3,1,85,0,com.bina.varsim.types.ReadMapRecord,com.bina.varsim.types.ReadMapRecord
Varsim,com.bina.varsim.types,SampleParams,SampleParams,4,1,0,10,0,,
Varsim,com.bina.varsim.types,Sequence,Sequence,14,5,3,18,0,,
Varsim,com.bina.varsim.types,Sequence,isNormalSequence,15,4,1,35,0,,
Varsim,com.bina.varsim.types,Sequence,complement,0,10,1,58,0,,
Varsim,com.bina.varsim.types,Sequence,isN,3,1,1,87,0,,
Varsim,com.bina.varsim.types,Sequence,getNumNonNBases,10,4,0,91,0,com.bina.varsim.types.Sequence,com.bina.varsim.types.Sequence
Varsim,com.bina.varsim.types,Sequence,getNumNonNBases,7,3,2,106,0,com.bina.varsim.types.Sequence,com.bina.varsim.types.Sequence
Varsim,com.bina.varsim.types,Sequence,reverseComplement,12,3,1,120,0,com.bina.varsim.types.Sequence,com.bina.varsim.types.Sequence
Varsim,com.bina.varsim.types,Sequence,getName,3,1,0,137,0,,
Varsim,com.bina.varsim.types,Sequence,getHeader,3,1,0,146,0,,
Varsim,com.bina.varsim.types,Sequence,length,3,1,0,155,0,,
Varsim,com.bina.varsim.types,Sequence,byteAt,3,1,1,159,0,,
Varsim,com.bina.varsim.types,Sequence,subSeq,3,1,2,169,0,,
Varsim,com.bina.varsim.types,Sequence,revComp,5,1,2,178,0,com.bina.varsim.types.Sequence,com.bina.varsim.types.Sequence
Varsim,com.bina.varsim.types,VCFInfo,main,18,4,1,19,0,,
Varsim,com.bina.varsim.types,VCFInfo,VCFInfo,16,3,1,45,0,,
Varsim,com.bina.varsim.types,VCFInfo,getValue,3,1,2,67,0,,
Varsim,com.bina.varsim.types,VCFInfo,getType,11,3,1,118,0,,
Varsim,com.bina.varsim.types,AltTest,breakendTest,7,1,0,13,1,,
Varsim,com.bina.varsim.types,AltTest,symbolicAlleleTest,7,1,0,21,0,,
Varsim,com.bina.varsim.types,AltTest,altTest,5,1,0,29,1,,
Varsim,com.bina.varsim.types,AltTest,illegalCharTest,3,1,0,35,0,,
Varsim,com.bina.varsim.types,VCFInfoTest,VCFInfoParsingTest,12,1,0,13,1,,
Varsim,com.bina.varsim.types.constraint,Constraint,Constraint,9,2,1,17,0,com.bina.varsim.types.constraint.Constraint,com.bina.varsim.types.constraint.Constraint
Varsim,com.bina.varsim.types.constraint,Constraint,parseRange,7,2,1,44,0,,
Varsim,com.bina.varsim.types.constraint,Constraint,toString,3,1,0,54,0,,
Varsim,com.bina.varsim.types.constraint,Constraint,getVarType,3,1,0,65,0,,
Varsim,com.bina.varsim.types.constraint,Constraint,getRange,3,1,0,69,0,,
Varsim,com.bina.varsim.types.constraint,Constraint,getMetric,3,1,0,73,0,,
Varsim,com.bina.varsim.types.constraint,Constraint,getOperation,3,1,0,77,0,,
Varsim,com.bina.varsim.types.constraint,Constraint,getCutoff,3,1,0,81,0,,
Varsim,com.bina.varsim.types.constraint,ConstraintRecord,ConstraintRecord,4,1,1,14,0,,
Varsim,com.bina.varsim.types.constraint,ConstraintRecord,ConstraintRecord,4,1,1,19,0,,
Varsim,com.bina.varsim.types.constraint,ConstraintRecord,inc,0,7,3,24,0,,
Varsim,com.bina.varsim.types.constraint,ConstraintRecord,isValid,3,1,0,49,0,com.bina.varsim.types.constraint.ConstraintRecord,com.bina.varsim.types.constraint.ConstraintRecord
Varsim,com.bina.varsim.types.constraint,ConstraintRecord,getStatsValue,0,4,0,57,0,,
Varsim,com.bina.varsim.types.constraint,ConstraintRecord,isSatisfied,0,3,1,72,0,,
Varsim,com.bina.varsim.types.constraint,ConstraintRecord,getConstraint,3,1,0,83,0,,
Varsim,com.bina.varsim.types.constraint,UnsatisfiedConstraintException,UnsatisfiedConstraintException,3,1,1,29,0,,
Varsim,com.bina.varsim.types.constraint,UnsatisfiedConstraintException,getConstraints,3,1,0,33,0,,
Varsim,com.bina.varsim.types.stats,EnumStatsRatioCounter,EnumStatsRatioCounter,5,1,1,28,0,,
Varsim,com.bina.varsim.types.stats,EnumStatsRatioCounter,EnumStatsRatioCounter,6,1,2,35,0,,
Varsim,com.bina.varsim.types.stats,EnumStatsRatioCounter,incTP,12,2,2,45,0,,
Varsim,com.bina.varsim.types.stats,EnumStatsRatioCounter,incFP,12,2,2,58,0,,
Varsim,com.bina.varsim.types.stats,EnumStatsRatioCounter,incT,12,2,2,71,0,,
Varsim,com.bina.varsim.types.stats,EnumStatsRatioCounter,getData,3,1,0,84,0,,
Varsim,com.bina.varsim.types.stats,EnumStatsRatioCounter,setData,3,1,1,88,0,,
Varsim,com.bina.varsim.types.stats,EnumStatsRatioCounter,getAllData,3,1,0,92,0,,
Varsim,com.bina.varsim.types.stats,EnumStatsRatioCounter,setAllData,3,1,1,96,0,,
Varsim,com.bina.varsim.types.stats,EnumStatsRatioCounter,toString,13,2,0,100,0,,
Varsim,com.bina.varsim.types.stats,MapRatioRecordSum,MapRatioRecordSum,4,1,0,14,0,,
Varsim,com.bina.varsim.types.stats,MapRatioRecordSum,incStat,0,6,3,19,0,com.bina.varsim.types.stats.MapRatioRecordSum,com.bina.varsim.types.stats.MapRatioRecordSum
Varsim,com.bina.varsim.types.stats,MapRatioRecordSum,incTP,14,3,2,40,0,,
Varsim,com.bina.varsim.types.stats,MapRatioRecordSum,incTN,14,3,2,55,0,,
Varsim,com.bina.varsim.types.stats,MapRatioRecordSum,incFP,14,3,2,70,0,,
Varsim,com.bina.varsim.types.stats,MapRatioRecordSum,incFN,14,3,2,85,0,,
Varsim,com.bina.varsim.types.stats,MapRatioRecordSum,incT,14,3,1,100,0,,
Varsim,com.bina.varsim.types.stats,MapRatioRecordSum,getData,3,1,0,115,0,,
Varsim,com.bina.varsim.types.stats,MapRatioRecordSum,setData,3,1,1,119,0,,
Varsim,com.bina.varsim.types.stats,MapRatioRecordSum,getAll_data,3,1,0,123,0,,
Varsim,com.bina.varsim.types.stats,MapRatioRecordSum,setAll_data,3,1,1,127,0,,
Varsim,com.bina.varsim.types.stats,MapRatioRecordSum,toString,13,2,0,131,0,,
Varsim,com.bina.varsim.types.stats,RatioRecord,RatioRecord,2,1,0,27,0,,
Varsim,com.bina.varsim.types.stats,RatioRecord,RatioRecord,4,1,2,30,0,,
Varsim,com.bina.varsim.types.stats,RatioRecord,RatioRecord,9,1,1,35,0,,
Varsim,com.bina.varsim.types.stats,RatioRecord,incTP,3,1,0,45,0,,
Varsim,com.bina.varsim.types.stats,RatioRecord,incTP,3,1,1,49,0,,
Varsim,com.bina.varsim.types.stats,RatioRecord,incTN,3,1,0,53,0,,
Varsim,com.bina.varsim.types.stats,RatioRecord,incFP,3,1,0,57,0,,
Varsim,com.bina.varsim.types.stats,RatioRecord,incFP,3,1,1,61,0,,
Varsim,com.bina.varsim.types.stats,RatioRecord,incFN,3,1,0,65,0,,
Varsim,com.bina.varsim.types.stats,RatioRecord,incT,3,1,0,69,0,,
Varsim,com.bina.varsim.types.stats,RatioRecord,incT,3,1,1,73,0,,
Varsim,com.bina.varsim.types.stats,RatioRecord,getTPR,3,1,0,78,0,,
Varsim,com.bina.varsim.types.stats,RatioRecord,getFDR,3,1,0,82,0,,
Varsim,com.bina.varsim.types.stats,RatioRecord,getPPV,3,1,0,88,0,,
Varsim,com.bina.varsim.types.stats,RatioRecord,getSPC,3,1,0,94,0,,
Varsim,com.bina.varsim.types.stats,RatioRecord,isEmpty,3,1,0,99,0,,
Varsim,com.bina.varsim.types.stats,RatioRecord,getTN,3,1,0,104,0,,
Varsim,com.bina.varsim.types.stats,RatioRecord,setTN,3,1,1,108,0,,
Varsim,com.bina.varsim.types.stats,RatioRecord,getFN,3,1,0,112,0,,
Varsim,com.bina.varsim.types.stats,RatioRecord,setFN,3,1,1,116,0,,
Varsim,com.bina.varsim.types.stats,RatioRecord,getTP,3,1,0,120,0,,
Varsim,com.bina.varsim.types.stats,RatioRecord,setTP,3,1,1,124,0,,
Varsim,com.bina.varsim.types.stats,RatioRecord,getFP,3,1,0,128,0,,
Varsim,com.bina.varsim.types.stats,RatioRecord,setFP,3,1,1,132,0,,
Varsim,com.bina.varsim.types.stats,RatioRecord,getT,3,1,0,136,0,,
Varsim,com.bina.varsim.types.stats,RatioRecord,setT,3,1,1,140,0,,
Varsim,com.bina.varsim.types.stats,RatioRecord,getLower,3,1,0,144,0,,
Varsim,com.bina.varsim.types.stats,RatioRecord,setLower,3,1,1,148,0,,
Varsim,com.bina.varsim.types.stats,RatioRecord,getUpper,3,1,0,152,0,,
Varsim,com.bina.varsim.types.stats,RatioRecord,setUpper,3,1,1,156,0,,
Varsim,com.bina.varsim.types.stats,RatioRecord,getF1,5,1,0,160,0,com.bina.varsim.types.stats.RatioRecord,com.bina.varsim.types.stats.RatioRecord
Varsim,com.bina.varsim.types.stats,RatioRecord,rangeStr,19,3,0,168,0,,
Varsim,com.bina.varsim.types.stats,RatioRecord,toString,3,1,0,188,0,com.bina.varsim.types.stats.RatioRecord,com.bina.varsim.types.stats.RatioRecord
Varsim,com.bina.varsim.types.stats,RatioRecord,equals,13,10,1,192,0,,
Varsim,com.bina.varsim.types.stats,RatioRecord,hashCode,14,2,0,210,0,,
Varsim,com.bina.varsim.types.stats,RatioRecordSum,RatioRecordSum,4,1,0,13,0,,
Varsim,com.bina.varsim.types.stats,RatioRecordSum,resize,9,3,1,18,0,,
Varsim,com.bina.varsim.types.stats,RatioRecordSum,incT,3,1,0,28,0,,
Varsim,com.bina.varsim.types.stats,RatioRecordSum,incTP,6,2,1,32,0,com.bina.varsim.types.stats.RatioRecordSum,com.bina.varsim.types.stats.RatioRecordSum
Varsim,com.bina.varsim.types.stats,RatioRecordSum,incTN,6,2,1,39,0,com.bina.varsim.types.stats.RatioRecordSum,com.bina.varsim.types.stats.RatioRecordSum
Varsim,com.bina.varsim.types.stats,RatioRecordSum,incFP,6,2,1,46,0,com.bina.varsim.types.stats.RatioRecordSum,com.bina.varsim.types.stats.RatioRecordSum
Varsim,com.bina.varsim.types.stats,RatioRecordSum,incFN,6,2,1,53,0,com.bina.varsim.types.stats.RatioRecordSum,com.bina.varsim.types.stats.RatioRecordSum
Varsim,com.bina.varsim.types.stats,RatioRecordSum,getData,3,1,0,60,0,,
Varsim,com.bina.varsim.types.stats,RatioRecordSum,setData,3,1,1,64,0,,
Varsim,com.bina.varsim.types.stats,RatioRecordSum,getT,3,1,0,68,0,,
Varsim,com.bina.varsim.types.stats,RatioRecordSum,setT,3,1,1,72,0,,
Varsim,com.bina.varsim.types.stats,RatioRecordSum,toString,12,2,0,76,0,,
Varsim,com.bina.varsim.types.stats,StatsRatioRecord,StatsRatioRecord,28,6,2,26,0,,
Varsim,com.bina.varsim.types.stats,StatsRatioRecord,addTP,25,7,1,58,0,,
Varsim,com.bina.varsim.types.stats,StatsRatioRecord,addFP,25,7,1,86,0,,
Varsim,com.bina.varsim.types.stats,StatsRatioRecord,addT,25,7,2,113,0,,
Varsim,com.bina.varsim.types.stats,StatsRatioRecord,computeTN,4,1,1,140,0,,
Varsim,com.bina.varsim.types.stats,StatsRatioRecord,getBinCounts,3,1,0,149,0,,
Varsim,com.bina.varsim.types.stats,StatsRatioRecord,setBinCounts,3,1,1,153,0,,
Varsim,com.bina.varsim.types.stats,StatsRatioRecord,getSumCount,3,1,0,157,0,,
Varsim,com.bina.varsim.types.stats,StatsRatioRecord,setSumCount,3,1,1,161,0,,
Varsim,com.bina.varsim.types.stats,StatsRatioRecord,getBinBreaks,3,1,0,165,0,,
Varsim,com.bina.varsim.types.stats,StatsRatioRecord,getSumPerBaseCount,3,1,0,169,0,,
Varsim,com.bina.varsim.types.stats,StatsRatioRecord,setSumPerBaseCount,3,1,1,173,0,,
Varsim,com.bina.varsim.types.stats,StatsRatioRecord,toString,3,1,0,177,0,com.bina.varsim.types.stats.StatsRatioRecord,com.bina.varsim.types.stats.StatsRatioRecord
Varsim,com.bina.varsim.types.stats,StatsRatioRecord,toString,25,4,1,181,0,,
Varsim,com.bina.varsim.types.stats,Stats_record,Stats_record,6,1,0,17,0,,
Varsim,com.bina.varsim.types.stats,Stats_record,add,11,4,1,24,0,,
Varsim,com.bina.varsim.types.stats,Stats_record,getTotal_count,3,1,0,42,0,,
Varsim,com.bina.varsim.types.stats,Stats_record,getsvTotal_count,3,1,0,46,0,,
Varsim,com.bina.varsim.types.stats,Stats_record,toString,3,1,0,50,0,com.bina.varsim.types.stats.Stats_record,com.bina.varsim.types.stats.Stats_record
Varsim,com.bina.varsim.types.stats,Stats_record,toString,37,4,1,54,0,com.bina.varsim.types.stats.Stats_record,com.bina.varsim.types.stats.Stats_record
Varsim,com.bina.varsim.types.stats,Type_record,Type_record,3,1,0,14,0,,
Varsim,com.bina.varsim.types.stats,Type_record,add,11,2,2,18,0,,
Varsim,com.bina.varsim.types.stats,Type_record,getTotal_nonref,7,2,0,35,0,,
Varsim,com.bina.varsim.types.stats,Type_record,toString,14,3,0,43,0,,
Varsim,com.bina.varsim.types.stats,MapRatioRecordSumTest,emptyRecordTest,4,1,0,15,1,,
Varsim,com.bina.varsim.types.stats,MapRatioRecordSumTest,oneTPTest,11,1,0,20,1,,
Varsim,com.bina.varsim.types.variant.alt,Alt,altFactory,11,3,1,25,0,,
Varsim,com.bina.varsim.types.variant.alt,Alt,Alt,2,1,0,41,0,,
Varsim,com.bina.varsim.types.variant.alt,Alt,Alt,3,1,1,42,0,,
Varsim,com.bina.varsim.types.variant.alt,Alt,Alt,3,1,1,45,0,,
Varsim,com.bina.varsim.types.variant.alt,Alt,Alt,3,1,1,48,0,,
Varsim,com.bina.varsim.types.variant.alt,Alt,copy,7,2,0,52,0,com.bina.varsim.types.variant.alt.Alt,com.bina.varsim.types.variant.alt.Alt
Varsim,com.bina.varsim.types.variant.alt,Alt,length,3,1,0,61,0,,
Varsim,com.bina.varsim.types.variant.alt,Alt,isSeq,3,1,0,77,0,,
Varsim,com.bina.varsim.types.variant.alt,Alt,substring,3,1,2,80,0,,
Varsim,com.bina.varsim.types.variant.alt,Alt,substring,3,1,1,83,0,,
Varsim,com.bina.varsim.types.variant.alt,Alt,byteAt,3,1,1,86,0,,
Varsim,com.bina.varsim.types.variant.alt,Alt,getSeqType,3,1,0,89,0,,
Varsim,com.bina.varsim.types.variant.alt,Alt,getCopyNumber,6,4,0,93,0,,
Varsim,com.bina.varsim.types.variant.alt,Alt,getBreakendCount,3,1,0,110,0,,
Varsim,com.bina.varsim.types.variant.alt,Alt,setBreakendCount,3,1,1,114,0,,
Varsim,com.bina.varsim.types.variant.alt,Alt,getSymbolicAlleleCount,3,1,0,118,0,,
Varsim,com.bina.varsim.types.variant.alt,Alt,setSymbolicAlleleCount,3,1,1,122,0,,
Varsim,com.bina.varsim.types.variant.alt,Alt,getSymbolicAllele,3,1,0,126,0,,
Varsim,com.bina.varsim.types.variant.alt,Alt,setSymbolicAllele,3,1,1,130,0,,
Varsim,com.bina.varsim.types.variant.alt,Alt,getBreakend,3,1,0,134,0,,
Varsim,com.bina.varsim.types.variant.alt,Alt,setBreakend,3,1,1,138,0,,
Varsim,com.bina.varsim.types.variant.alt,Alt,getSeq,3,1,0,142,0,,
Varsim,com.bina.varsim.types.variant.alt,Alt,setSeq,3,1,1,146,0,,
Varsim,com.bina.varsim.types.variant.alt,Alt,getSequence,3,1,0,149,0,,
Varsim,com.bina.varsim.types.variant,INonReference,isNonReference,0,1,0,7,0,,
Varsim,com.bina.varsim.types.variant,Variant,getCompositions,3,1,0,59,0,,
Varsim,com.bina.varsim.types.variant,Variant,setCompositions,3,1,1,63,0,,
Varsim,com.bina.varsim.types.variant,Variant,Variant,3,1,1,69,0,,
Varsim,com.bina.varsim.types.variant,Variant,isInversed,3,1,0,74,0,,
Varsim,com.bina.varsim.types.variant,Variant,Variant,24,1,1,207,0,,
Varsim,com.bina.varsim.types.variant,Variant,Variant,34,4,1,242,0,com.bina.varsim.types.variant.Variant,com.bina.varsim.types.variant.Variant
Varsim,com.bina.varsim.types.variant,Variant,getChr,3,1,0,277,0,,
Varsim,com.bina.varsim.types.variant,Variant,getPos,3,1,0,284,0,,
Varsim,com.bina.varsim.types.variant,Variant,setNovelPosition,43,11,2,294,0,,
Varsim,com.bina.varsim.types.variant,Variant,setVarID,3,1,1,357,0,,
Varsim,com.bina.varsim.types.variant,Variant,getReferenceAlleleLength,3,1,0,364,0,,
Varsim,com.bina.varsim.types.variant,Variant,maternal,3,1,0,375,0,,
Varsim,com.bina.varsim.types.variant,Variant,paternal,3,1,0,382,0,,
Varsim,com.bina.varsim.types.variant,Variant,insertion,3,1,1,389,0,,
Varsim,com.bina.varsim.types.variant,Variant,getChr2,3,1,1,397,0,,
Varsim,com.bina.varsim.types.variant,Variant,getPos2,3,1,1,401,0,,
Varsim,com.bina.varsim.types.variant,Variant,getEnd2,3,1,1,405,0,,
Varsim,com.bina.varsim.types.variant,Variant,getAllChr2,3,1,0,409,0,,
Varsim,com.bina.varsim.types.variant,Variant,getAllPos2,3,1,0,413,0,,
Varsim,com.bina.varsim.types.variant,Variant,getAllEnd2,3,1,0,417,0,,
Varsim,com.bina.varsim.types.variant,Variant,getEnd,0,6,0,421,0,com.bina.varsim.types.variant.Variant,com.bina.varsim.types.variant.Variant
Varsim,com.bina.varsim.types.variant,Variant,getTraid,3,1,0,441,0,,
Varsim,com.bina.varsim.types.variant,Variant,getInsertionLength,3,1,1,445,0,,
Varsim,com.bina.varsim.types.variant,Variant,maxLen,3,1,1,456,0,,
Varsim,com.bina.varsim.types.variant,Variant,maxLen,13,4,0,466,0,com.bina.varsim.types.variant.Variant,com.bina.varsim.types.variant.Variant
Varsim,com.bina.varsim.types.variant,Variant,minLen,13,4,0,486,0,com.bina.varsim.types.variant.Variant,com.bina.varsim.types.variant.Variant
Varsim,com.bina.varsim.types.variant,Variant,getAlternativeAlleleInterval,6,2,1,503,0,,
Varsim,com.bina.varsim.types.variant,Variant,getVariantInterval,24,4,1,514,0,com.bina.varsim.types.variant.Variant,com.bina.varsim.types.variant.Variant
Varsim,com.bina.varsim.types.variant,Variant,getVariantInterval,8,2,2,539,0,com.bina.varsim.types.variant.Variant,com.bina.varsim.types.variant.Variant
Varsim,com.bina.varsim.types.variant,Variant,getGenotypeUnionAlternativeInterval,3,1,0,556,0,com.bina.varsim.types.variant.Variant,com.bina.varsim.types.variant.Variant
Varsim,com.bina.varsim.types.variant,Variant,getGenotypeUnionVariantInterval,14,4,0,560,0,com.bina.varsim.types.variant.Variant,com.bina.varsim.types.variant.Variant
Varsim,com.bina.varsim.types.variant,Variant,isSmallVariant,10,2,3,572,0,com.bina.varsim.types.variant.Variant,com.bina.varsim.types.variant.Variant
Varsim,com.bina.varsim.types.variant,Variant,getGenotypes,3,1,0,590,0,com.bina.varsim.types.variant.Variant,com.bina.varsim.types.variant.Variant
Varsim,com.bina.varsim.types.variant,Variant,getAllele,9,3,1,599,0,com.bina.varsim.types.variant.Variant,com.bina.varsim.types.variant.Variant
Varsim,com.bina.varsim.types.variant,Variant,getMinMatchLength,17,4,0,608,0,com.bina.varsim.types.variant.Variant,com.bina.varsim.types.variant.Variant
Varsim,com.bina.varsim.types.variant,Variant,setAllele,8,3,2,630,0,,
Varsim,com.bina.varsim.types.variant,Variant,variantBases,9,3,0,639,0,,
Varsim,com.bina.varsim.types.variant,Variant,getType,0,24,1,649,0,com.bina.varsim.types.variant.Variant,com.bina.varsim.types.variant.Variant
Varsim,com.bina.varsim.types.variant,Variant,getType,47,14,0,739,0,com.bina.varsim.types.variant.Variant,com.bina.varsim.types.variant.Variant
Varsim,com.bina.varsim.types.variant,Variant,getAlt,3,1,1,816,0,,
Varsim,com.bina.varsim.types.variant,Variant,setAlt,3,2,2,826,0,,
Varsim,com.bina.varsim.types.variant,Variant,setThreePrimeDistance,3,1,1,831,0,,
Varsim,com.bina.varsim.types.variant,Variant,setFivePrimeDistance,3,1,1,835,0,,
Varsim,com.bina.varsim.types.variant,Variant,setLengthDifference,3,1,1,839,0,,
Varsim,com.bina.varsim.types.variant,Variant,getFilter,3,1,0,843,0,,
Varsim,com.bina.varsim.types.variant,Variant,getQual,3,1,0,847,0,,
Varsim,com.bina.varsim.types.variant,Variant,getInfo,3,1,0,851,0,,
Varsim,com.bina.varsim.types.variant,Variant,isPhased,3,1,0,855,0,,
Varsim,com.bina.varsim.types.variant,Variant,isRef,3,1,0,859,0,,
Varsim,com.bina.varsim.types.variant,Variant,getVariantId,3,1,0,863,0,,
Varsim,com.bina.varsim.types.variant,Variant,getReference,3,1,0,867,0,,
Varsim,com.bina.varsim.types.variant,Variant,getReferenceString,9,1,0,871,0,,
Varsim,com.bina.varsim.types.variant,Variant,getRef_deleted,3,1,0,880,0,,
Varsim,com.bina.varsim.types.variant,Variant,getCN,6,2,1,884,0,,
Varsim,com.bina.varsim.types.variant,Variant,hasCN,12,4,0,891,0,,
Varsim,com.bina.varsim.types.variant,Variant,alternativeAlleleString,29,8,0,908,0,,
Varsim,com.bina.varsim.types.variant,Variant,getNumberOfAlternativeAlleles,3,1,0,944,0,,
Varsim,com.bina.varsim.types.variant,Variant,randomizeHaplotype,14,3,0,948,0,com.bina.varsim.types.variant.Variant,com.bina.varsim.types.variant.Variant
Varsim,com.bina.varsim.types.variant,Variant,randomizeGenotype,11,2,1,967,0,com.bina.varsim.types.variant.Variant,com.bina.varsim.types.variant.Variant
Varsim,com.bina.varsim.types.variant,Variant,isAltACTGN,10,4,0,986,0,,
Varsim,com.bina.varsim.types.variant,Variant,isHom,12,4,0,1000,0,,
Varsim,com.bina.varsim.types.variant,Variant,equals,22,19,1,1017,0,,
Varsim,com.bina.varsim.types.variant,Variant,hashCode,22,2,0,1045,0,,
Varsim,com.bina.varsim.types.variant,Variant,compareTo,7,2,1,1073,0,com.bina.varsim.types.variant.Variant,com.bina.varsim.types.variant.Variant
Varsim,com.bina.varsim.types.variant,Variant,getSVLEN,27,7,0,1083,0,com.bina.varsim.types.variant.Variant,com.bina.varsim.types.variant.Variant
Varsim,com.bina.varsim.types.variant,Variant,getLengthString,9,2,0,1116,0,com.bina.varsim.types.variant.Variant,com.bina.varsim.types.variant.Variant
Varsim,com.bina.varsim.types.variant,Variant,calculateExtraBase,14,5,1,1126,0,com.bina.varsim.types.variant.Variant,com.bina.varsim.types.variant.Variant
Varsim,com.bina.varsim.types.variant,Variant,toString,3,1,0,1142,0,com.bina.varsim.types.variant.Variant,com.bina.varsim.types.variant.Variant
Varsim,com.bina.varsim.types.variant,Variant,toString,109,23,2,1150,0,com.bina.varsim.types.variant.Variant,com.bina.varsim.types.variant.Variant
Varsim,com.bina.varsim.types.variant,Variant,rmDupInfo,17,4,1,1277,0,,
Varsim,com.bina.varsim.types.variant,Variant,output,8,2,1,1300,0,,
Varsim,com.bina.varsim.types.variant,Variant,getGoodPaternal,7,3,0,1315,0,,
Varsim,com.bina.varsim.types.variant,Variant,getGoodMaternal,10,4,0,1348,0,,
Varsim,com.bina.varsim.types.variant,Variant,getExtraBase,3,1,0,1386,0,,
Varsim,com.bina.varsim.types.variant,Variant,isLengthImprecise,3,1,0,1390,0,,
Varsim,com.bina.varsim.types.variant,Variant,setLengthImprecise,3,1,1,1394,0,,
Varsim,com.bina.varsim.util,chrSearchTree,chrSearchTree,3,1,0,25,0,,
Varsim,com.bina.varsim.util,chrSearchTree,chrSearchTree,4,1,1,34,0,,
Varsim,com.bina.varsim.util,chrSearchTree,size,7,2,0,42,0,,
Varsim,com.bina.varsim.util,chrSearchTree,maxDepth,7,2,0,53,0,,
Varsim,com.bina.varsim.util,chrSearchTree,put,12,2,2,65,0,,
Varsim,com.bina.varsim.util,chrSearchTree,containsKey,3,1,1,83,0,,
Varsim,com.bina.varsim.util,chrSearchTree,getOverlaps,3,1,2,91,0,com.bina.varsim.util.chrSearchTree,com.bina.varsim.util.chrSearchTree
Varsim,com.bina.varsim.util,chrSearchTree,getOverlaps,3,1,3,95,0,com.bina.varsim.util.chrSearchTree,com.bina.varsim.util.chrSearchTree
Varsim,com.bina.varsim.util,chrSearchTree,getOverlaps,9,2,4,99,0,,
Varsim,com.bina.varsim.util,chrSearchTree,contains,3,1,2,115,0,com.bina.varsim.util.chrSearchTree,com.bina.varsim.util.chrSearchTree
Varsim,com.bina.varsim.util,chrSearchTree,contains,3,1,3,119,0,com.bina.varsim.util.chrSearchTree,com.bina.varsim.util.chrSearchTree
Varsim,com.bina.varsim.util,chrSearchTree,contains,9,2,4,123,0,,
Varsim,com.bina.varsim.util,chrSearchTree,contains,3,1,4,139,0,com.bina.varsim.util.chrSearchTree,com.bina.varsim.util.chrSearchTree
Varsim,com.bina.varsim.util,ConstraintValidator,ConstraintValidator,2,1,0,18,0,,
Varsim,com.bina.varsim.util,ConstraintValidator,ConstraintValidator,7,3,1,21,0,,
Varsim,com.bina.varsim.util,ConstraintValidator,isValid,6,3,0,29,0,,
Varsim,com.bina.varsim.util,ConstraintValidator,testValidity,7,4,0,36,0,,
Varsim,com.bina.varsim.util,ConstraintValidator,inc,5,2,3,44,0,,
Varsim,com.bina.varsim.util,CreateSequenceDictionary,CreateSequenceDictionary,13,1,1,71,0,com.bina.varsim.util.CreateSequenceDictionary,com.bina.varsim.util.CreateSequenceDictionary
Varsim,com.bina.varsim.util,CreateSequenceDictionary,doWork,34,6,0,84,0,com.bina.varsim.util.CreateSequenceDictionary,com.bina.varsim.util.CreateSequenceDictionary
Varsim,com.bina.varsim.util,CreateSequenceDictionary,makeWriter,3,1,0,134,0,,
Varsim,com.bina.varsim.util,CreateSequenceDictionary,makeSequenceRecord,16,4,1,146,0,com.bina.varsim.util.CreateSequenceDictionary,com.bina.varsim.util.CreateSequenceDictionary
Varsim,com.bina.varsim.util,CreateSequenceDictionary,md5Hash,10,2,1,169,0,,
Varsim,com.bina.varsim.util,CreateSequenceDictionary,makeSortingCollection,7,1,0,180,0,,
Varsim,com.bina.varsim.util,DGVparser,DGVparser,13,1,3,33,0,,
Varsim,com.bina.varsim.util,DGVparser,getVariantType,0,11,1,54,0,,
Varsim,com.bina.varsim.util,DGVparser,isHeaderLine,3,1,1,104,0,,
Varsim,com.bina.varsim.util,DGVparser,parseLine,0,12,0,114,0,com.bina.varsim.util.DGVparser,com.bina.varsim.util.DGVparser
Varsim,com.bina.varsim.util,GzFileParser,decompressStream,3,1,1,13,0,,
Varsim,com.bina.varsim.util,GzFileParser,decompressStream,12,2,1,17,0,,
Varsim,com.bina.varsim.util,GzFileParser,hasMoreInput,3,1,0,29,0,,
Varsim,com.bina.varsim.util,GzFileParser,parseLine,0,1,0,37,0,,
Varsim,com.bina.varsim.util,GzFileParser,readLine,18,2,0,43,0,,
Varsim,com.bina.varsim.util,ReadMap,ReadMap,13,4,1,21,0,com.bina.varsim.util.ReadMap,com.bina.varsim.util.ReadMap
Varsim,com.bina.varsim.util,ReadMap,parseLine,3,1,0,37,0,,
Varsim,com.bina.varsim.util,ReadMap,getReadMapRecord,3,1,1,41,0,,
Varsim,com.bina.varsim.util,SimpleReference,SimpleReference,2,1,0,44,0,,
Varsim,com.bina.varsim.util,SimpleReference,SimpleReference,4,1,1,47,0,com.bina.varsim.util.SimpleReference,com.bina.varsim.util.SimpleReference
Varsim,com.bina.varsim.util,SimpleReference,SimpleReference,10,3,1,55,0,com.bina.varsim.util.SimpleReference,com.bina.varsim.util.SimpleReference
Varsim,com.bina.varsim.util,SimpleReference,addReference,34,6,1,66,0,,
Varsim,com.bina.varsim.util,SimpleReference,getSequence,12,3,1,104,0,,
Varsim,com.bina.varsim.util,SimpleReference,byteAt,16,4,2,120,0,,
Varsim,com.bina.varsim.util,SimpleReference,charAt,3,1,2,143,0,com.bina.varsim.util.SimpleReference,com.bina.varsim.util.SimpleReference
Varsim,com.bina.varsim.util,SimpleReference,byteRange,19,4,3,149,0,,
Varsim,com.bina.varsim.util,SimpleReference,getRefLen,8,2,1,174,0,,
Varsim,com.bina.varsim.util,SimpleReference,getNumContigs,3,1,0,186,0,,
Varsim,com.bina.varsim.util,SimpleReference,loadAllSequences,11,4,0,193,0,,
Varsim,com.bina.varsim.util,SimpleReference,getNumNonNBases,9,3,0,204,0,com.bina.varsim.util.SimpleReference,com.bina.varsim.util.SimpleReference
Varsim,com.bina.varsim.util,SimpleReference,getNumNonNBases,11,2,1,218,0,com.bina.varsim.util.SimpleReference,com.bina.varsim.util.SimpleReference
Varsim,com.bina.varsim.util,SimpleReference,keySet,3,1,0,232,0,,
Varsim,com.bina.varsim.util,SimpleReference,getReferenceFileName,3,1,0,239,0,,
Varsim,com.bina.varsim.util,StringUtilities,concatenateArray,10,3,2,14,0,,
Varsim,com.bina.varsim.util,StringUtilities,concatenateArray,10,3,2,30,0,,
Varsim,com.bina.varsim.util,StringUtilities,concatenateArray,10,3,2,47,0,,
Varsim,com.bina.varsim.util,StringUtilities,fastSplit,8,2,2,64,0,,
Varsim,com.bina.varsim.util,StringUtilities,isNonNegativeInteger,12,4,1,76,0,,
Varsim,com.bina.varsim.util,StringUtilities,parseInt,17,3,1,96,0,,
Varsim,com.bina.varsim.util,VarSimMath,max,9,3,2,7,0,,
Varsim,com.bina.varsim.util,VCFparser,getSampleId,3,1,0,33,0,,
Varsim,com.bina.varsim.util,VCFparser,VCFparser,3,1,0,43,0,,
Varsim,com.bina.varsim.util,VCFparser,VCFparser,4,1,4,47,0,,
Varsim,com.bina.varsim.util,VCFparser,VCFparser,4,1,5,59,0,,
Varsim,com.bina.varsim.util,VCFparser,VCFparser,17,2,5,65,0,,
Varsim,com.bina.varsim.util,VCFparser,VCFparser,3,1,4,83,0,,
Varsim,com.bina.varsim.util,VCFparser,VCFparser,3,1,3,94,0,,
Varsim,com.bina.varsim.util,VCFparser,VCFparser,3,1,3,98,0,,
Varsim,com.bina.varsim.util,VCFparser,getFormatKeyIndex,9,3,2,102,0,,
Varsim,com.bina.varsim.util,VCFparser,isPhased,61,10,3,121,0,,
Varsim,com.bina.varsim.util,VCFparser,processLine,381,102,1,191,0,com.bina.varsim.util.VCFparser,com.bina.varsim.util.VCFparser
Varsim,com.bina.varsim.util,VCFparser,extractHeader,17,3,0,729,0,,
Varsim,com.bina.varsim.util,VCFparser,parseLine,23,4,0,753,0,com.bina.varsim.util.VCFparser,com.bina.varsim.util.VCFparser
Varsim,com.bina.varsim.util,VCFparser,string2Alt,8,2,1,785,0,,
Varsim,com.bina.varsim.util,VCFWriter,generateVCFHeader,15,4,2,17,0,,
Varsim,com.bina.varsim.util,VCFparserTest,setup,21,1,0,19,0,,
Varsim,com.bina.varsim.util,VCFparserTest,deletionParsingTest,7,1,0,41,1,,
Varsim,com.bina.varsim.util,VCFparserTest,insertionParsingTest,7,1,0,53,1,,
Varsim,com.bina.varsim.util,VCFparserTest,homopolymerInsertionParsingTest,7,1,0,61,1,,
Varsim,com.bina.varsim.util,VCFparserTest,TrimmingTest,6,1,0,69,1,,
Varsim,com.bina.varsim.util,VCFparserTest,SymbolicAlleleSVLenTest,3,1,0,76,1,,
Varsim,com.bina.varsim.util,VCFparserTest,SymbolicAlleleMixWithNonSymbolicAlleleTest,3,1,0,80,0,,
Varsim,com.bina.varsim.util,VCFparserTest,addExtraBaseForInsertion,4,1,0,84,1,,
Varsim,com.bina.varsim.util,VCFparserTest,addExtraBaseForDeletion,4,1,0,89,1,,
Varsim,com.bina.varsim.util,VCFparserTest,vcfinfoTestDefaultBoolean,4,1,0,94,1,,
Varsim,com.bina.varsim.util,VCFparserTest,illegalSymbolicAllele,4,1,0,100,1,,
Varsim,com.bina.varsim.util,VCFparserTest,multiAllelicSVLEN,4,1,0,108,1,,
Varsim,com.bina.varsim.util,VCFparserTest,multiAllelicDELSVLEN,4,1,0,113,1,,
Varsim,com.bina.varsim.util,VCFparserTest,parsingGT,4,1,0,118,1,,
Varsim,com.bina.varsim.util,VCFparserTest,multiallelicTrimming,4,1,0,123,1,,
Varsim,com.bina.varsim.util.logging,LoggingCounter,LoggingCounter,4,1,1,9,0,,
Varsim,com.bina.varsim.util.logging,LoggingCounter,isCountLeftAndDecrement,10,3,0,14,0,,
Varsim,com.bina.varsim,VarSim,main,3,1,1,31,0,com.bina.varsim.VarSim,com.bina.varsim.VarSim
Varsim,com.bina.varsim,VarSim,printUsage,5,1,0,35,0,,
Varsim,com.bina.varsim,VarSim,runVarSimTool,0,16,2,54,0,com.bina.varsim.VarSim,com.bina.varsim.VarSim
Varsim,com.bina.varsim,VarSim,run,9,2,1,114,0,com.bina.varsim.VarSim,com.bina.varsim.VarSim
Varsim,com.bina.varsim,VarSimTool,VarSimTool,4,1,2,25,0,,
Varsim,com.bina.varsim,VarSimTool,run,0,1,1,30,0,,
Varsim,com.bina.varsim,VarSimTool,getCommand,3,1,0,32,0,,
Varsim,com.bina.varsim,VarSimTool,getDescription,3,1,0,36,0,,
Varsim,com.bina.varsim,VarSimTool,printUsage,6,1,1,40,0,com.bina.varsim.VarSimTool,com.bina.varsim.VarSimTool
Varsim,com.bina.varsim,VarSimTool,parseArguments,20,3,1,48,0,com.bina.varsim.VarSimTool,com.bina.varsim.VarSimTool
